{
  "swagger" : "2.0",
  "info" : {
    "title" : "Customer",
    "version" : "1.0.0",
    "description" : "Customer"
  },
  "paths" : {
    "/customerdata" : {
      "get" : {
        "operationId" : "getCustomerdata",
        "responses" : {
          "200" : {
            "description" : "The operation was successful.",
            "schema" : {
              "$ref" : "#/definitions/customer"
            }
          }
        },
        "produces" : [ "application/json" ],
        "description" : "Retrieve customerdata",
        "parameters" : [ {
          "name" : "name",
          "in" : "query",
          "type" : "string",
          "required" : false,
          "description" : "when the user want to get spacific customer"
        } ]
      },
      "post" : {
        "operationId" : "postCustomerdata",
        "responses" : {
          "200" : {
            "description" : "The operation was successful.",
            "schema" : {
              "type" : "string"
            }
          }
        },
        "consumes" : [ "application/json" ],
        "produces" : [ "application/json" ],
        "description" : "Insert a customerdata",
        "parameters" : [ {
          "name" : "body",
          "in" : "body",
          "schema" : {
            "$ref" : "#/definitions/customer"
          },
          "description" : "The request body for the operation",
          "required" : true
        } ]
      },
      "put" : {
        "operationId" : "putCustomerdata",
        "responses" : {
          "200" : {
            "description" : "The operation was successful.",
            "schema" : {
              "type" : "string"
            }
          }
        },
        "consumes" : [ "application/json" ],
        "produces" : [ "application/json" ],
        "description" : "Update customerdata",
        "parameters" : [ {
          "name" : "body",
          "in" : "body",
          "schema" : {
            "$ref" : "#/definitions/customer"
          },
          "description" : "The request body for the operation",
          "required" : true
        }, {
          "name" : "name",
          "in" : "query",
          "type" : "string"
        } ]
      },
      "delete" : {
        "operationId" : "deleteCustomerdata",
        "responses" : {
          "200" : {
            "description" : "The operation was successful.",
            "schema" : {
              "type" : "string"
            }
          }
        },
        "produces" : [ "application/json" ],
        "description" : "Remove from customerdata",
        "parameters" : [ {
          "name" : "name",
          "in" : "query",
          "type" : "string"
        } ]
      }
    }
  },
  "basePath" : "/customer/v1",
  "definitions" : {
    "customer" : {
      "type" : "object",
      "properties" : {
        "salary" : {
          "type" : "string"
        },
        "name" : {
          "type" : "string"
        },
        "age" : {
          "type" : "string"
        }
      }
    }
  }
}