{
  "swagger" : "2.0",
  "info" : {
    "title" : "task",
    "version" : "1.0.0",
    "description" : "task"
  },
  "paths" : {
    "/getcustomerinfo" : {
      "get" : {
        "operationId" : "getGetcustomerinfo",
        "responses" : {
          "200" : {
            "description" : "The operation was successful.",
            "schema" : {
              "$ref" : "#/definitions/customer"
            }
          }
        },
        "produces" : [ "application/json" ],
        "description" : "Retrieve getcustomerinfo"
      },
      "post" : {
        "operationId" : "postGetcustomerinfo",
        "responses" : {
          "200" : {
            "description" : "The operation was successful.",
            "schema" : {
              "$ref" : "#/definitions/customer"
            }
          }
        },
        "consumes" : [ "application/json" ],
        "produces" : [ "application/json" ],
        "description" : "Insert a getcustomerinfo",
        "parameters" : [ {
          "name" : "body",
          "in" : "body",
          "schema" : {
            "type" : "string"
          },
          "description" : "The request body for the operation",
          "required" : true
        } ]
      },
      "put" : {
        "operationId" : "putGetcustomerinfo",
        "responses" : {
          "200" : {
            "description" : "The operation was successful."
          }
        },
        "consumes" : [ "application/json" ],
        "produces" : [ "application/json" ],
        "description" : "Update getcustomerinfo",
        "parameters" : [ {
          "name" : "body",
          "in" : "body",
          "schema" : {
            "$ref" : "#/definitions/customer"
          },
          "description" : "The request body for the operation",
          "required" : true
        } ]
      },
      "delete" : {
        "operationId" : "deleteGetcustomerinfo",
        "responses" : {
          "200" : {
            "description" : "The operation was successful."
          }
        },
        "produces" : [ "application/json" ],
        "description" : "Remove from getcustomerinfo"
      }
    }
  },
  "basePath" : "/task/v1",
  "definitions" : {
    "customer" : {
      "type" : "object",
      "properties" : {
        "name" : {
          "type" : "string"
        },
        "age" : {
          "type" : "string"
        },
        "id" : {
          "type" : "string"
        }
      }
    }
  }
}