{
  "swagger" : "2.0",
  "info" : {
    "title" : "RESTtest2",
    "version" : "1.0.0",
    "description" : "RESTtest2"
  },
  "paths" : {
    "/customer" : {
      "get" : {
        "operationId" : "getCustomer",
        "responses" : {
          "200" : {
            "description" : "The operation was successful.",
            "schema" : {
              "$ref" : "#/definitions/user"
            }
          }
        },
        "produces" : [ "application/json" ],
        "description" : "Retrieve customer"
      },
      "post" : {
        "operationId" : "postCustomer",
        "responses" : {
          "200" : {
            "description" : "The operation was successful."
          }
        },
        "consumes" : [ "application/json" ],
        "produces" : [ "application/json" ],
        "description" : "Insert a customer",
        "parameters" : [ {
          "name" : "body",
          "in" : "body",
          "schema" : {
            "$ref" : "#/definitions/user"
          },
          "description" : "The request body for the operation",
          "required" : true
        } ]
      },
      "put" : {
        "operationId" : "putCustomer",
        "responses" : {
          "200" : {
            "description" : "The operation was successful."
          }
        },
        "consumes" : [ "application/json" ],
        "produces" : [ "application/json" ],
        "description" : "Update customer",
        "parameters" : [ {
          "name" : "body",
          "in" : "body",
          "schema" : {
            "$ref" : "#/definitions/user"
          },
          "description" : "The request body for the operation",
          "required" : true
        } ]
      },
      "delete" : {
        "operationId" : "deleteCustomer",
        "responses" : { },
        "produces" : [ "application/json" ],
        "description" : "Remove from customer"
      }
    }
  },
  "basePath" : "/resttest2/v1",
  "definitions" : {
    "user" : {
      "type" : "object",
      "properties" : {
        "id" : {
          "type" : "string"
        },
        "name" : {
          "type" : "string"
        },
        "age" : {
          "type" : "string"
        }
      }
    }
  }
}